/* products */
INSERT INTO public.products
(id, "name", description, sku_code, price, discount, discounted_price, category_id, status, failure_description, user_id, created_by, created_date, updated_by, updated_date)
VALUES('b4b7596b-306c-4ab9-a623-c835e421d533', 'Nike Spor Ayakkabı', 'Nike spor ayakkabı', 'nike_spor_ayakkabi_11', 4500.00, 0.00, 4500.00, 100005, 'SUCCESS', NULL, 'c043d233-6a49-4fd8-96fe-5f8bc96c0bdd', 'system', '2025-07-26 02:00:00.000', NULL, NULL);
INSERT INTO public.products
(id, "name", description, sku_code, price, discount, discounted_price, category_id, status, failure_description, user_id, created_by, created_date, updated_by, updated_date)
VALUES('c6b7596b-306c-4ab9-a623-c835e421d533', 'Sagopa Kajmer Bir Pesimistin Gözyaşları Albüm', 'sago albüm', 'sagopa_kajmer_bpm_album', 2000.00, 0.00, 2000.00, 100008, 'SUCCESS', NULL, 'c043d233-6a49-4fd8-96fe-5f8bc96c0bdd', 'system', '2025-07-26 03:00:00.000', NULL, NULL);
INSERT INTO public.products
(id, "name", description, sku_code, price, discount, discounted_price, category_id, status, failure_description, user_id, created_by, created_date, updated_by, updated_date)
VALUES('u7b7596b-306c-4ab9-a623-c835e421d533', 'Seiko SRPD63K1 Erkek Kol Saati', 'Kol Saati', 'seiko_srpd63k1', 16079.70, 0.00, 16079.70, 100001, 'SUCCESS', NULL, 'c043d233-6a49-4fd8-96fe-5f8bc96c0bdd', 'system', '2025-07-26 04:00:00.000', NULL, NULL);
INSERT INTO public.products
(id, "name", description, sku_code, price, discount, discounted_price, category_id, status, failure_description, user_id, created_by, created_date, updated_by, updated_date)
VALUES('p9b7596b-306c-4ab9-a623-c835e421d533', 'Sinangil Çok Amaçlı Un 1kg', 'sinangil un', 'sinangil_un_1kg', 132.00, 0.00, 132.00, 100001, 'SUCCESS', NULL, 'c043d233-6a49-4fd8-96fe-5f8bc96c0bdd', 'system', '2025-07-26 05:00:00.000', NULL, NULL);
INSERT INTO public.products
(id, "name", description, sku_code, price, discount, discounted_price, category_id, status, failure_description, user_id, created_by, created_date, updated_by, updated_date)
VALUES('0c9f4199-235d-4c20-8280-c29105737cff', 'Altınyıldız Classics Erkek Sweatshirt', 'Altınyıldız Classics Erkek Antrasit Anti-pilling Tüylenme Yapmayan Standart Fit Dik Yaka Soğuk Geçirmez Polar Sweatshirt', 'altınyıldız_classics_erkek_sweatshirt', 483.99, 0.00, 483.99, 100001, 'SUCCESS', NULL, 'c043d233-6a49-4fd8-96fe-5f8bc96c0bdd', 'huseyinari', '2026-01-01 13:38:45.415', 'huseyinari', '2026-01-01 13:38:45.415');
INSERT INTO public.products
(id, "name", description, sku_code, price, discount, discounted_price, category_id, status, failure_description, user_id, created_by, created_date, updated_by, updated_date)
VALUES('e8aa49c1-bfb0-4cdb-bf9d-3b0376f653b4', 'Grimelange Travıs Erkek Sweatshirt', 'Grimelange Travıs Erkek Organik Kumaşlı Yumuşacık Regular Fit Yuvarlak Yakalı Lacivert Sweatshirt', 'grimelange_travıs_erkek_sweatshirt', 477.35, 0.00, 477.35, 100001, 'SUCCESS', NULL, 'c043d233-6a49-4fd8-96fe-5f8bc96c0bdd', 'huseyinari', '2026-01-01 13:50:07.379', 'huseyinari', '2026-01-01 13:50:07.779');
INSERT INTO public.products
(id, "name", description, sku_code, price, discount, discounted_price, category_id, status, failure_description, user_id, created_by, created_date, updated_by, updated_date)
VALUES('eb8ac00d-d1df-4898-b764-0c814f40cdfb', 'Tudors Unisex Relax Fit Erkek Sweatshirt', 'Tudors Unisex Relax Fit Rahat Kesim Pamuklu İçi Polarlı Yarım Fermuarlı Haki Dik Yaka Sweatshirt', 'tudors_unisex_relax_fit_erkek_sweatshirt', 549.95, 0.00, 549.95, 100001, 'SUCCESS', NULL, 'c043d233-6a49-4fd8-96fe-5f8bc96c0bdd', 'huseyinari', '2026-01-01 14:00:10.227', 'huseyinari', '2026-01-01 14:00:10.410');
INSERT INTO public.products
(id, "name", description, sku_code, price, discount, discounted_price, category_id, status, failure_description, user_id, created_by, created_date, updated_by, updated_date)
VALUES('c6b6f7f1-3581-493f-be4f-e6734b83744e', 'Basic T-Shirt', 'Düz t-shirt', 'basic_t-shirt', 615.50, 115.50, 500.00, 100001, 'SUCCESS', NULL, 'c043d233-6a49-4fd8-96fe-5f8bc96c0bdd', 'huseyinari', '2026-01-01 14:06:51.676', 'huseyinari', '2026-01-01 14:06:51.833');
INSERT INTO public.products
(id, "name", description, sku_code, price, discount, discounted_price, category_id, status, failure_description, user_id, created_by, created_date, updated_by, updated_date)
VALUES('4be65a39-4346-446d-b17c-2fe40f9843b9', 'APPLE MC7X4TU/A Macbook Air/16GB RAM/256GB SSD/Midnight', 'APPLE MC7X4TU/A Macbook Air/Apple M2 İşlemci/8 Çekirdek CPU-8 Çekirdek GPU/16GB RAM/256GB SSD/13,6/Midnight', 'apple_mc7x4tu/a_macbook_air/16gb_ram/256gb_ssd/midnight', 38999.00, 0.00, 38999.00, 100005, 'SUCCESS', NULL, 'c043d233-6a49-4fd8-96fe-5f8bc96c0bdd', 'huseyinari', '2026-01-11 13:59:24.020', 'huseyinari', '2026-01-11 13:59:24.418');
INSERT INTO public.products
(id, "name", description, sku_code, price, discount, discounted_price, category_id, status, failure_description, user_id, created_by, created_date, updated_by, updated_date)
VALUES('21b701a5-9ee2-444e-960f-70429c2893ab', 'Iphone 15', 'Iphone 15 Orjinal Türkiye Garantili', 'iphone_15', 50000.00, 1750.00, 48250.00, 100011, 'SUCCESS', NULL, 'c043d233-6a49-4fd8-96fe-5f8bc96c0bdd', 'huseyinari', '2026-01-11 14:01:08.616', 'huseyinari', '2026-01-11 14:01:08.723');
INSERT INTO public.products
(id, "name", description, sku_code, price, discount, discounted_price, category_id, status, failure_description, user_id, created_by, created_date, updated_by, updated_date)
VALUES('968cbae5-c0f2-4afc-91b4-32219fc25252', 'Samsung Galaxy Tab A9 Tablet', 'Samsung Galaxy Tab A9 Tablet, 4 GB RAM, 64 GB Hafıza, Koyu Mavi (Samsung Türkiye Garantili)', 'samsung_galaxy_tab_a9_tablet', 6750.00, 0.00, 6750.00, 100009, 'SUCCESS', NULL, 'c043d233-6a49-4fd8-96fe-5f8bc96c0bdd', 'huseyinari', '2026-01-11 14:14:40.439', 'huseyinari', '2026-01-11 14:14:40.577');
INSERT INTO public.products
(id, "name", description, sku_code, price, discount, discounted_price, category_id, status, failure_description, user_id, created_by, created_date, updated_by, updated_date)
VALUES('ed271842-87f4-479d-abe9-8d33f2fa7468', 'Lenovo 400 Wireless Kablosuz Mouse Siyah', 'Lenovo 400 Wireless Kablosuz Mouse Siyah GY50R91293', 'lenovo_400_wireless_kablosuz_mouse_siyah', 349.00, 0.00, 349.00, 100009, 'SUCCESS', NULL, 'c043d233-6a49-4fd8-96fe-5f8bc96c0bdd', 'huseyinari', '2026-01-11 14:24:22.142', 'huseyinari', '2026-01-11 14:24:22.260');

/* product inspect */

INSERT INTO public.product_inspect
(id, inspected_by_ip_address, product_id, created_by, created_date, updated_by, updated_date)
VALUES(100, '10.100.50.1', '21b701a5-9ee2-444e-960f-70429c2893ab', 'system', now(), NULL, NULL);
INSERT INTO public.product_inspect
(id, inspected_by_ip_address, product_id, created_by, created_date, updated_by, updated_date)
VALUES(101, '10.100.50.2', '21b701a5-9ee2-444e-960f-70429c2893ab', 'system', now(), NULL, NULL);
INSERT INTO public.product_inspect
(id, inspected_by_ip_address, product_id, created_by, created_date, updated_by, updated_date)
VALUES(102, '10.100.50.3', '21b701a5-9ee2-444e-960f-70429c2893ab', 'system', now(), NULL, NULL);
INSERT INTO public.product_inspect
(id, inspected_by_ip_address, product_id, created_by, created_date, updated_by, updated_date)
VALUES(103, '10.100.50.4', '21b701a5-9ee2-444e-960f-70429c2893ab', 'system', now(), NULL, NULL);
INSERT INTO public.product_inspect
(id, inspected_by_ip_address, product_id, created_by, created_date, updated_by, updated_date)
VALUES(104, '10.100.50.5', '21b701a5-9ee2-444e-960f-70429c2893ab', 'system', now(), NULL, NULL);
INSERT INTO public.product_inspect
(id, inspected_by_ip_address, product_id, created_by, created_date, updated_by, updated_date)
VALUES(105, '10.100.50.6', '21b701a5-9ee2-444e-960f-70429c2893ab', 'system', now(), NULL, NULL);
INSERT INTO public.product_inspect
(id, inspected_by_ip_address, product_id, created_by, created_date, updated_by, updated_date)
VALUES(106, '10.100.50.7', '21b701a5-9ee2-444e-960f-70429c2893ab', 'system', now(), NULL, NULL);
INSERT INTO public.product_inspect
(id, inspected_by_ip_address, product_id, created_by, created_date, updated_by, updated_date)
VALUES(107, '10.100.50.8', '21b701a5-9ee2-444e-960f-70429c2893ab', 'system', now(), NULL, NULL);
INSERT INTO public.product_inspect
(id, inspected_by_ip_address, product_id, created_by, created_date, updated_by, updated_date)
VALUES(108, '10.100.50.9', '21b701a5-9ee2-444e-960f-70429c2893ab', 'system', now(), NULL, NULL);
INSERT INTO public.product_inspect
(id, inspected_by_ip_address, product_id, created_by, created_date, updated_by, updated_date)
VALUES(109, '10.100.50.10', '21b701a5-9ee2-444e-960f-70429c2893ab', 'system', now(), NULL, NULL);
INSERT INTO public.product_inspect
(id, inspected_by_ip_address, product_id, created_by, created_date, updated_by, updated_date)
VALUES(110, '10.100.50.1', '4be65a39-4346-446d-b17c-2fe40f9843b9', 'system', now(), NULL, NULL);
INSERT INTO public.product_inspect
(id, inspected_by_ip_address, product_id, created_by, created_date, updated_by, updated_date)
VALUES(111, '10.100.50.2', '4be65a39-4346-446d-b17c-2fe40f9843b9', 'system', now(), NULL, NULL);
INSERT INTO public.product_inspect
(id, inspected_by_ip_address, product_id, created_by, created_date, updated_by, updated_date)
VALUES(112, '10.100.50.3', '4be65a39-4346-446d-b17c-2fe40f9843b9', 'system', now(), NULL, NULL);
INSERT INTO public.product_inspect
(id, inspected_by_ip_address, product_id, created_by, created_date, updated_by, updated_date)
VALUES(113, '10.100.50.4', '4be65a39-4346-446d-b17c-2fe40f9843b9', 'system', now(), NULL, NULL);
INSERT INTO public.product_inspect
(id, inspected_by_ip_address, product_id, created_by, created_date, updated_by, updated_date)
VALUES(114, '10.100.50.5', '4be65a39-4346-446d-b17c-2fe40f9843b9', 'system', now(), NULL, NULL);
INSERT INTO public.product_inspect
(id, inspected_by_ip_address, product_id, created_by, created_date, updated_by, updated_date)
VALUES(115, '10.100.50.1', '968cbae5-c0f2-4afc-91b4-32219fc25252', 'system', now(), NULL, NULL);
INSERT INTO public.product_inspect
(id, inspected_by_ip_address, product_id, created_by, created_date, updated_by, updated_date)
VALUES(116, '10.100.50.2', '968cbae5-c0f2-4afc-91b4-32219fc25252', 'system', now(), NULL, NULL);
INSERT INTO public.product_inspect
(id, inspected_by_ip_address, product_id, created_by, created_date, updated_by, updated_date)
VALUES(117, '10.100.50.3', '968cbae5-c0f2-4afc-91b4-32219fc25252', 'system', now(), NULL, NULL);
INSERT INTO public.product_inspect
(id, inspected_by_ip_address, product_id, created_by, created_date, updated_by, updated_date)
VALUES(118, '10.100.50.1', 'ed271842-87f4-479d-abe9-8d33f2fa7468', 'system', now(), NULL, NULL);
INSERT INTO public.product_inspect
(id, inspected_by_ip_address, product_id, created_by, created_date, updated_by, updated_date)
VALUES(119, '10.100.50.2', 'ed271842-87f4-479d-abe9-8d33f2fa7468', 'system', now(), NULL, NULL);
INSERT INTO public.product_inspect
(id, inspected_by_ip_address, product_id, created_by, created_date, updated_by, updated_date)
VALUES(120, '10.100.50.3', 'ed271842-87f4-479d-abe9-8d33f2fa7468', 'system', now(), NULL, NULL);
INSERT INTO public.product_inspect
(id, inspected_by_ip_address, product_id, created_by, created_date, updated_by, updated_date)
VALUES(121, '10.100.50.4', 'ed271842-87f4-479d-abe9-8d33f2fa7468', 'system', now(), NULL, NULL);
INSERT INTO public.product_inspect
(id, inspected_by_ip_address, product_id, created_by, created_date, updated_by, updated_date)
VALUES(122, '10.100.50.5', 'ed271842-87f4-479d-abe9-8d33f2fa7468', 'system', now(), NULL, NULL);
INSERT INTO public.product_inspect
(id, inspected_by_ip_address, product_id, created_by, created_date, updated_by, updated_date)
VALUES(123, '10.100.50.6', 'ed271842-87f4-479d-abe9-8d33f2fa7468', 'system', now(), NULL, NULL);
INSERT INTO public.product_inspect
(id, inspected_by_ip_address, product_id, created_by, created_date, updated_by, updated_date)
VALUES(124, '10.100.50.1', 'p9b7596b-306c-4ab9-a623-c835e421d533', 'system', now(), NULL, NULL);


/* product attributes */
INSERT INTO public.product_attribute
(id, "name", query_name, description, created_by, created_date, updated_by, updated_date)
VALUES(100, 'Yüz Tanım', 'faceRecognition', 'Üründe yüz tanıma özelliği var mı ?', 'huseyinari', '2025-10-25 12:51:41.385', 'huseyinari', '2025-10-25 12:51:41.385');
INSERT INTO public.product_attribute
(id, "name", query_name, description, created_by, created_date, updated_by, updated_date)
VALUES(101, 'İşlemci Türü', 'cpuType', 'Üründe kullanılan işlemci', 'huseyinari', '2025-10-25 12:53:32.136', 'huseyinari', '2025-10-25 12:53:32.136');
INSERT INTO public.product_attribute
(id, "name", query_name, description, created_by, created_date, updated_by, updated_date)
VALUES(102, 'İşlemci Hızı (GHz)', 'cpuSpeed', 'Üründe kullanılan işlemcinin hızı', 'huseyinari', '2025-10-25 12:54:06.561', 'huseyinari', '2025-10-25 12:54:06.561');
INSERT INTO public.product_attribute
(id, "name", query_name, description, created_by, created_date, updated_by, updated_date)
VALUES(103, 'İşlemci Çekirdek Sayısı', 'cpuCount', 'Üründe kullanılan işlemci çekirdek sayısı', 'huseyinari', '2025-10-25 12:55:24.278', 'huseyinari', '2025-10-25 12:55:24.278');
INSERT INTO public.product_attribute
(id, "name", query_name, description, created_by, created_date, updated_by, updated_date)
VALUES(104, 'Ekran Boyutu (inch)', 'screenSize', 'Ekran boyutu', 'huseyinari', '2025-10-25 12:56:07.511', 'huseyinari', '2025-10-25 12:56:07.511');
INSERT INTO public.product_attribute
(id, "name", query_name, description, created_by, created_date, updated_by, updated_date)
VALUES(105, 'Ekran Tipi', 'screenType', 'Cihazda kullanılan ekranın türü', 'huseyinari', '2025-10-25 12:56:51.096', 'huseyinari', '2025-10-25 12:56:51.096');
INSERT INTO public.product_attribute
(id, "name", query_name, description, created_by, created_date, updated_by, updated_date)
VALUES(106, 'Ekran Yenileme Hızı (Hz)', 'screenHz', 'Ekran yenileme hızı', 'huseyinari', '2025-10-25 12:57:50.901', 'huseyinari', '2025-10-25 12:57:50.901');
INSERT INTO public.product_attribute
(id, "name", query_name, description, created_by, created_date, updated_by, updated_date)
VALUES(107, 'Arka kamera sayısı', 'rearCameraCount', 'Arka kamera sayısı', 'huseyinari', '2025-10-25 12:59:11.672', 'huseyinari', '2025-10-25 12:59:11.672');
INSERT INTO public.product_attribute
(id, "name", query_name, description, created_by, created_date, updated_by, updated_date)
VALUES(108, 'Arka Kamera Çözünürlüğü', 'rearCameraResolution', 'Arka kamera çözünürlüğü', 'huseyinari', '2025-10-25 12:58:31.924', 'huseyinari', '2025-10-25 12:58:31.924');
INSERT INTO public.product_attribute
(id, "name", query_name, description, created_by, created_date, updated_by, updated_date)
VALUES(109, 'Ön kamera çözünürlüğü', 'frontCameraResolution', 'Ön kamera çözünürlüğü', 'huseyinari', '2025-10-25 13:11:23.299', 'huseyinari', '2025-10-25 13:11:23.299');
INSERT INTO public.product_attribute
(id, "name", query_name, description, created_by, created_date, updated_by, updated_date)
VALUES(110, 'Wi-Fi', 'wifi', 'Cihazda Wifi var mı ?', 'huseyinari', '2025-10-25 13:13:25.974', 'huseyinari', '2025-10-25 13:13:25.974');
INSERT INTO public.product_attribute
(id, "name", query_name, description, created_by, created_date, updated_by, updated_date)
VALUES(111, 'Bluetooth', 'bluetooth', 'Cihazda Bluetooth var mı ?', 'huseyinari', '2025-10-25 13:13:58.713', 'huseyinari', '2025-10-25 13:13:58.713');
INSERT INTO public.product_attribute
(id, "name", query_name, description, created_by, created_date, updated_by, updated_date)
VALUES(112, 'Şarj Girişi', 'chargingPort', 'Cihaz şarj soketi tipi', 'huseyinari', '2025-10-25 13:14:37.427', 'huseyinari', '2025-10-25 13:14:37.427');
INSERT INTO public.product_attribute
(id, "name", query_name, description, created_by, created_date, updated_by, updated_date)
VALUES(113, 'Pil Gücü', 'batteryPower', 'Batarya gücü', 'huseyinari', '2025-10-25 13:15:13.213', 'huseyinari', '2025-10-25 13:15:13.213');
INSERT INTO public.product_attribute
(id, "name", query_name, description, created_by, created_date, updated_by, updated_date)
VALUES(114, 'Kablosuz Şarj', 'wirelessCharging', 'Kablosuz Şarj', 'huseyinari', '2025-10-25 13:18:04.658', 'huseyinari', '2025-10-25 13:18:04.658');
INSERT INTO public.product_attribute
(id, "name", query_name, description, created_by, created_date, updated_by, updated_date)
VALUES(115, 'Hızlı Şarj', 'quickCharging', 'Hızlı Şarj', 'huseyinari', '2025-10-25 13:18:24.309', 'huseyinari', '2025-10-25 13:18:24.309');
INSERT INTO public.product_attribute
(id, "name", query_name, description, created_by, created_date, updated_by, updated_date)
VALUES(116, 'Garanti Süresi (Ay)', 'warrantyPeriod', 'Garanti süresi', 'huseyinari', '2025-10-25 13:19:40.422', 'huseyinari', '2025-10-25 13:19:40.422');
INSERT INTO public.product_attribute
(id, "name", query_name, description, created_by, created_date, updated_by, updated_date)
VALUES(117, 'Dahili Hafıza', 'internalDisk', 'Dahili hafıza', 'huseyinari', '2025-10-25 13:20:38.536', 'huseyinari', '2025-10-25 13:20:38.536');
INSERT INTO public.product_attribute
(id, "name", query_name, description, created_by, created_date, updated_by, updated_date)
VALUES(118, 'İşletim Sistemi', 'os', 'İşletim sistemi', 'huseyinari', '2025-10-25 13:21:08.770', 'huseyinari', '2025-10-25 13:21:08.770');
INSERT INTO public.product_attribute
(id, "name", query_name, description, created_by, created_date, updated_by, updated_date)
VALUES(119, 'Ağırlık', 'weight', 'Ağırlık', 'huseyinari', '2025-10-25 13:22:10.515', 'huseyinari', '2025-10-25 13:22:10.515');
INSERT INTO public.product_attribute
(id, "name", query_name, description, created_by, created_date, updated_by, updated_date)
VALUES(120, 'Genişlik', 'width', 'Genişlik', 'huseyinari', '2025-10-25 13:22:35.596', 'huseyinari', '2025-10-25 13:22:35.596');
INSERT INTO public.product_attribute
(id, "name", query_name, description, created_by, created_date, updated_by, updated_date)
VALUES(121, 'Kalınlık', 'thick', 'Kalınlık', 'huseyinari', '2025-10-25 13:23:09.381', 'huseyinari', '2025-10-25 13:23:09.381');
INSERT INTO public.product_attribute
(id, "name", query_name, description, created_by, created_date, updated_by, updated_date)
VALUES(122, 'Yükseklik', 'height', 'Yükseklik', 'huseyinari', '2025-10-25 13:23:26.835', 'huseyinari', '2025-10-25 13:23:26.835');
INSERT INTO public.product_attribute
(id, "name", query_name, description, created_by, created_date, updated_by, updated_date)
VALUES(123, 'Kumaş İçeriği', 'fabricContent', 'Kumaşın içeriği', 'huseyinari', '2025-10-25 13:23:26.835', 'huseyinari', '2025-10-25 13:23:26.835');
INSERT INTO public.product_attribute
(id, "name", query_name, description, created_by, created_date, updated_by, updated_date)
VALUES(124, 'Desen', 'pattern', 'Desen', 'huseyinari', '2025-10-25 13:23:26.835', 'huseyinari', '2025-10-25 13:23:26.835');
INSERT INTO public.product_attribute
(id, "name", query_name, description, created_by, created_date, updated_by, updated_date)
VALUES(125, 'Yaka Stili', 'collarType', 'Yaka Stili', 'huseyinari', '2025-10-25 13:23:26.835', 'huseyinari', '2025-10-25 13:23:26.835');
INSERT INTO public.product_attribute
(id, "name", query_name, description, created_by, created_date, updated_by, updated_date)
VALUES(126, 'Kol Uzunluğu', 'armType', 'Kol uzunluğu', 'huseyinari', '2025-10-25 13:23:26.835', 'huseyinari', '2025-10-25 13:23:26.835');
INSERT INTO public.product_attribute
(id, "name", query_name, description, created_by, created_date, updated_by, updated_date)
VALUES(127, 'Kesim Tarzı', 'cutType', 'Kesim Tarzı (Slim Fit, Regular Fit, Oversize vb.)', 'huseyinari', '2025-10-25 13:23:26.835', 'huseyinari', '2025-10-25 13:23:26.835');
INSERT INTO public.product_attribute
(id, "name", query_name, description, created_by, created_date, updated_by, updated_date)
VALUES(128, 'RAM', 'ram', 'RAM Miktarı', 'huseyinari', '2025-10-25 13:23:26.835', 'huseyinari', '2025-10-25 13:23:26.835');
INSERT INTO public.product_attribute
(id, "name", query_name, description, created_by, created_date, updated_by, updated_date)
VALUES(129, 'Buton Sayısı', 'buttonCount', 'Buton Sayısı', 'huseyinari', '2025-10-25 13:23:26.835', 'huseyinari', '2025-10-25 13:23:26.835');
INSERT INTO public.product_attribute
(id, "name", query_name, description, created_by, created_date, updated_by, updated_date)
VALUES(130, 'El Tipi', 'handType', 'El Tipi', 'huseyinari', '2025-10-25 13:23:26.835', 'huseyinari', '2025-10-25 13:23:26.835');
INSERT INTO public.product_attribute
(id, "name", query_name, description, created_by, created_date, updated_by, updated_date)
VALUES(131, 'Menşei', 'origin', 'Menşei', 'huseyinari', '2025-10-25 13:23:26.835', 'huseyinari', '2025-10-25 13:23:26.835');

/* product attribute values */
INSERT INTO public.product_attribute_value
(id, product_id, product_attribute_id, attribute_value, created_by, created_date, updated_by, updated_date)
VALUES(100, '0c9f4199-235d-4c20-8280-c29105737cff', 123, '%100 Pamuk', 'huseyinari', '2026-01-01 13:38:45.497', 'huseyinari', '2026-01-01 13:38:45.497');
INSERT INTO public.product_attribute_value
(id, product_id, product_attribute_id, attribute_value, created_by, created_date, updated_by, updated_date)
VALUES(101, '0c9f4199-235d-4c20-8280-c29105737cff', 124, 'Düz', 'huseyinari', '2026-01-01 13:38:45.504', 'huseyinari', '2026-01-01 13:38:45.504');
INSERT INTO public.product_attribute_value
(id, product_id, product_attribute_id, attribute_value, created_by, created_date, updated_by, updated_date)
VALUES(102, '0c9f4199-235d-4c20-8280-c29105737cff', 125, 'Kapüşonlu', 'huseyinari', '2026-01-01 13:38:45.506', 'huseyinari', '2026-01-01 13:38:45.506');
INSERT INTO public.product_attribute_value
(id, product_id, product_attribute_id, attribute_value, created_by, created_date, updated_by, updated_date)
VALUES(103, '0c9f4199-235d-4c20-8280-c29105737cff', 126, 'Uzun Kol', 'huseyinari', '2026-01-01 13:38:45.507', 'huseyinari', '2026-01-01 13:38:45.507');
INSERT INTO public.product_attribute_value
(id, product_id, product_attribute_id, attribute_value, created_by, created_date, updated_by, updated_date)
VALUES(104, '0c9f4199-235d-4c20-8280-c29105737cff', 127, 'Regular', 'huseyinari', '2026-01-01 13:38:45.512', 'huseyinari', '2026-01-01 13:38:45.512');
INSERT INTO public.product_attribute_value
(id, product_id, product_attribute_id, attribute_value, created_by, created_date, updated_by, updated_date)
VALUES(105, 'e8aa49c1-bfb0-4cdb-bf9d-3b0376f653b4', 123, '%75 Pamuk, %25 Polyester', 'huseyinari', '2026-01-01 13:50:07.406', 'huseyinari', '2026-01-01 13:50:07.406');
INSERT INTO public.product_attribute_value
(id, product_id, product_attribute_id, attribute_value, created_by, created_date, updated_by, updated_date)
VALUES(106, 'e8aa49c1-bfb0-4cdb-bf9d-3b0376f653b4', 124, 'Düz', 'huseyinari', '2026-01-01 13:50:07.410', 'huseyinari', '2026-01-01 13:50:07.410');
INSERT INTO public.product_attribute_value
(id, product_id, product_attribute_id, attribute_value, created_by, created_date, updated_by, updated_date)
VALUES(107, 'e8aa49c1-bfb0-4cdb-bf9d-3b0376f653b4', 125, 'Bisiklet Yaka', 'huseyinari', '2026-01-01 13:50:07.411', 'huseyinari', '2026-01-01 13:50:07.411');
INSERT INTO public.product_attribute_value
(id, product_id, product_attribute_id, attribute_value, created_by, created_date, updated_by, updated_date)
VALUES(108, 'e8aa49c1-bfb0-4cdb-bf9d-3b0376f653b4', 126, 'Uzun Kol', 'huseyinari', '2026-01-01 13:50:07.412', 'huseyinari', '2026-01-01 13:50:07.412');
INSERT INTO public.product_attribute_value
(id, product_id, product_attribute_id, attribute_value, created_by, created_date, updated_by, updated_date)
VALUES(109, 'e8aa49c1-bfb0-4cdb-bf9d-3b0376f653b4', 127, 'Regular', 'huseyinari', '2026-01-01 13:50:07.414', 'huseyinari', '2026-01-01 13:50:07.414');
INSERT INTO public.product_attribute_value
(id, product_id, product_attribute_id, attribute_value, created_by, created_date, updated_by, updated_date)
VALUES(110, 'eb8ac00d-d1df-4898-b764-0c814f40cdfb', 123, 'Pamuk', 'huseyinari', '2026-01-01 14:00:10.243', 'huseyinari', '2026-01-01 14:00:10.243');
INSERT INTO public.product_attribute_value
(id, product_id, product_attribute_id, attribute_value, created_by, created_date, updated_by, updated_date)
VALUES(111, 'eb8ac00d-d1df-4898-b764-0c814f40cdfb', 124, 'Düz', 'huseyinari', '2026-01-01 14:00:10.246', 'huseyinari', '2026-01-01 14:00:10.246');
INSERT INTO public.product_attribute_value
(id, product_id, product_attribute_id, attribute_value, created_by, created_date, updated_by, updated_date)
VALUES(112, 'eb8ac00d-d1df-4898-b764-0c814f40cdfb', 125, 'Dik Yaka', 'huseyinari', '2026-01-01 14:00:10.247', 'huseyinari', '2026-01-01 14:00:10.247');
INSERT INTO public.product_attribute_value
(id, product_id, product_attribute_id, attribute_value, created_by, created_date, updated_by, updated_date)
VALUES(113, 'eb8ac00d-d1df-4898-b764-0c814f40cdfb', 126, 'Uzun Kol', 'huseyinari', '2026-01-01 14:00:10.249', 'huseyinari', '2026-01-01 14:00:10.249');
INSERT INTO public.product_attribute_value
(id, product_id, product_attribute_id, attribute_value, created_by, created_date, updated_by, updated_date)
VALUES(114, 'eb8ac00d-d1df-4898-b764-0c814f40cdfb', 127, 'Regular Fit', 'huseyinari', '2026-01-01 14:00:10.250', 'huseyinari', '2026-01-01 14:00:10.250');
INSERT INTO public.product_attribute_value
(id, product_id, product_attribute_id, attribute_value, created_by, created_date, updated_by, updated_date)
VALUES(115, 'c6b6f7f1-3581-493f-be4f-e6734b83744e', 123, '%100 Pamuk', 'huseyinari', '2026-01-01 14:06:51.692', 'huseyinari', '2026-01-01 14:06:51.692');
INSERT INTO public.product_attribute_value
(id, product_id, product_attribute_id, attribute_value, created_by, created_date, updated_by, updated_date)
VALUES(116, 'c6b6f7f1-3581-493f-be4f-e6734b83744e', 124, 'Düz', 'huseyinari', '2026-01-01 14:06:51.697', 'huseyinari', '2026-01-01 14:06:51.697');
INSERT INTO public.product_attribute_value
(id, product_id, product_attribute_id, attribute_value, created_by, created_date, updated_by, updated_date)
VALUES(117, 'c6b6f7f1-3581-493f-be4f-e6734b83744e', 125, 'Bisiklet Yaka', 'huseyinari', '2026-01-01 14:06:51.699', 'huseyinari', '2026-01-01 14:06:51.699');
INSERT INTO public.product_attribute_value
(id, product_id, product_attribute_id, attribute_value, created_by, created_date, updated_by, updated_date)
VALUES(118, 'c6b6f7f1-3581-493f-be4f-e6734b83744e', 126, 'Kısa Kol', 'huseyinari', '2026-01-01 14:06:51.700', 'huseyinari', '2026-01-01 14:06:51.700');
INSERT INTO public.product_attribute_value
(id, product_id, product_attribute_id, attribute_value, created_by, created_date, updated_by, updated_date)
VALUES(119, 'c6b6f7f1-3581-493f-be4f-e6734b83744e', 127, 'Oversize', 'huseyinari', '2026-01-01 14:06:51.702', 'huseyinari', '2026-01-01 14:06:51.702');
INSERT INTO public.product_attribute_value
(id, product_id, product_attribute_id, attribute_value, created_by, created_date, updated_by, updated_date)
VALUES(120, '4be65a39-4346-446d-b17c-2fe40f9843b9', 117, '256 GB', 'huseyinari', '2026-01-11 13:59:24.028', 'huseyinari', '2026-01-11 13:59:24.028');
INSERT INTO public.product_attribute_value
(id, product_id, product_attribute_id, attribute_value, created_by, created_date, updated_by, updated_date)
VALUES(121, '4be65a39-4346-446d-b17c-2fe40f9843b9', 101, 'Apple M2', 'huseyinari', '2026-01-11 13:59:24.031', 'huseyinari', '2026-01-11 13:59:24.031');
INSERT INTO public.product_attribute_value
(id, product_id, product_attribute_id, attribute_value, created_by, created_date, updated_by, updated_date)
VALUES(122, '4be65a39-4346-446d-b17c-2fe40f9843b9', 128, '16 GB', 'huseyinari', '2026-01-11 13:59:24.033', 'huseyinari', '2026-01-11 13:59:24.033');
INSERT INTO public.product_attribute_value
(id, product_id, product_attribute_id, attribute_value, created_by, created_date, updated_by, updated_date)
VALUES(123, '4be65a39-4346-446d-b17c-2fe40f9843b9', 104, '13.6 inç', 'huseyinari', '2026-01-11 13:59:24.034', 'huseyinari', '2026-01-11 13:59:24.034');
INSERT INTO public.product_attribute_value
(id, product_id, product_attribute_id, attribute_value, created_by, created_date, updated_by, updated_date)
VALUES(124, '4be65a39-4346-446d-b17c-2fe40f9843b9', 105, 'IPS', 'huseyinari', '2026-01-11 13:59:24.035', 'huseyinari', '2026-01-11 13:59:24.035');
INSERT INTO public.product_attribute_value
(id, product_id, product_attribute_id, attribute_value, created_by, created_date, updated_by, updated_date)
VALUES(125, '21b701a5-9ee2-444e-960f-70429c2893ab', 104, '15.49 cm / 6.1 inç', 'huseyinari', '2026-01-11 14:01:08.626', 'huseyinari', '2026-01-11 14:01:08.626');
INSERT INTO public.product_attribute_value
(id, product_id, product_attribute_id, attribute_value, created_by, created_date, updated_by, updated_date)
VALUES(126, '21b701a5-9ee2-444e-960f-70429c2893ab', 118, 'iOS', 'huseyinari', '2026-01-11 14:01:08.629', 'huseyinari', '2026-01-11 14:01:08.629');
INSERT INTO public.product_attribute_value
(id, product_id, product_attribute_id, attribute_value, created_by, created_date, updated_by, updated_date)
VALUES(127, '21b701a5-9ee2-444e-960f-70429c2893ab', 117, '128 GB', 'huseyinari', '2026-01-11 14:01:08.632', 'huseyinari', '2026-01-11 14:01:08.632');
INSERT INTO public.product_attribute_value
(id, product_id, product_attribute_id, attribute_value, created_by, created_date, updated_by, updated_date)
VALUES(128, '21b701a5-9ee2-444e-960f-70429c2893ab', 101, 'Apple A16 Bionic', 'huseyinari', '2026-01-11 14:01:08.634', 'huseyinari', '2026-01-11 14:01:08.634');
INSERT INTO public.product_attribute_value
(id, product_id, product_attribute_id, attribute_value, created_by, created_date, updated_by, updated_date)
VALUES(129, '968cbae5-c0f2-4afc-91b4-32219fc25252', 104, '8.7 inç', 'huseyinari', '2026-01-11 14:14:40.477', 'huseyinari', '2026-01-11 14:14:40.477');
INSERT INTO public.product_attribute_value
(id, product_id, product_attribute_id, attribute_value, created_by, created_date, updated_by, updated_date)
VALUES(130, '968cbae5-c0f2-4afc-91b4-32219fc25252', 118, 'Android', 'huseyinari', '2026-01-11 14:14:40.480', 'huseyinari', '2026-01-11 14:14:40.480');
INSERT INTO public.product_attribute_value
(id, product_id, product_attribute_id, attribute_value, created_by, created_date, updated_by, updated_date)
VALUES(131, '968cbae5-c0f2-4afc-91b4-32219fc25252', 117, '128 GB', 'huseyinari', '2026-01-11 14:14:40.482', 'huseyinari', '2026-01-11 14:14:40.482');
INSERT INTO public.product_attribute_value
(id, product_id, product_attribute_id, attribute_value, created_by, created_date, updated_by, updated_date)
VALUES(132, '968cbae5-c0f2-4afc-91b4-32219fc25252', 101, 'Samsung İşlemci', 'huseyinari', '2026-01-11 14:14:40.483', 'huseyinari', '2026-01-11 14:14:40.483');
INSERT INTO public.product_attribute_value
(id, product_id, product_attribute_id, attribute_value, created_by, created_date, updated_by, updated_date)
VALUES(133, 'ed271842-87f4-479d-abe9-8d33f2fa7468', 129, '3', 'huseyinari', '2026-01-11 14:24:22.154', 'huseyinari', '2026-01-11 14:24:22.154');
INSERT INTO public.product_attribute_value
(id, product_id, product_attribute_id, attribute_value, created_by, created_date, updated_by, updated_date)
VALUES(134, 'ed271842-87f4-479d-abe9-8d33f2fa7468', 130, 'Sağ El', 'huseyinari', '2026-01-11 14:24:22.156', 'huseyinari', '2026-01-11 14:24:22.156');
INSERT INTO public.product_attribute_value
(id, product_id, product_attribute_id, attribute_value, created_by, created_date, updated_by, updated_date)
VALUES(135, 'ed271842-87f4-479d-abe9-8d33f2fa7468', 131, 'CN - (Çin Halk Cumhuriyeti)', 'huseyinari', '2026-01-11 14:24:22.158', 'huseyinari', '2026-01-11 14:24:22.158');
INSERT INTO public.product_attribute_value
(id, product_id, product_attribute_id, attribute_value, created_by, created_date, updated_by, updated_date)
VALUES(136, 'ed271842-87f4-479d-abe9-8d33f2fa7468', 116, '24', 'huseyinari', '2026-01-11 14:24:22.159', 'huseyinari', '2026-01-11 14:24:22.159');

/* product variants */
INSERT INTO public.product_variant
(id, "name", query_name, description, data_type, ui_component, min_value, max_value, product_variant_index_json_order_number, created_by, created_date, updated_by, updated_date)
VALUES(100, 'Renk', 'color', 'Ürün rengi', 'STRING', 'TEXT_INPUT', NULL, NULL, 1, 'huseyinari', '2025-12-06 01:21:41.972', 'huseyinari', '2025-12-06 01:21:41.972');
INSERT INTO public.product_variant
(id, "name", query_name, description, data_type, ui_component, min_value, max_value, product_variant_index_json_order_number, created_by, created_date, updated_by, updated_date)
VALUES(101, 'Beden', 'size', 'Ürün bedeni', 'STRING', 'TEXT_INPUT', NULL, NULL, 2, 'huseyinari', '2025-12-06 01:24:31.827', 'huseyinari', '2025-12-06 01:24:31.827');

/* product variant values */
INSERT INTO public.product_variant_value
(id, product_id, product_variant_id, variant_value, created_by, created_date, updated_by, updated_date)
VALUES(100, '0c9f4199-235d-4c20-8280-c29105737cff', 100, 'Turuncu', 'huseyinari', '2026-01-01 13:38:45.536', 'huseyinari', '2026-01-01 13:38:45.536');
INSERT INTO public.product_variant_value
(id, product_id, product_variant_id, variant_value, created_by, created_date, updated_by, updated_date)
VALUES(101, '0c9f4199-235d-4c20-8280-c29105737cff', 100, 'Yeşil', 'huseyinari', '2026-01-01 13:38:45.538', 'huseyinari', '2026-01-01 13:38:45.538');
INSERT INTO public.product_variant_value
(id, product_id, product_variant_id, variant_value, created_by, created_date, updated_by, updated_date)
VALUES(102, '0c9f4199-235d-4c20-8280-c29105737cff', 100, 'Antrasit', 'huseyinari', '2026-01-01 13:38:45.539', 'huseyinari', '2026-01-01 13:38:45.539');
INSERT INTO public.product_variant_value
(id, product_id, product_variant_id, variant_value, created_by, created_date, updated_by, updated_date)
VALUES(103, '0c9f4199-235d-4c20-8280-c29105737cff', 101, 'S', 'huseyinari', '2026-01-01 13:38:45.540', 'huseyinari', '2026-01-01 13:38:45.540');
INSERT INTO public.product_variant_value
(id, product_id, product_variant_id, variant_value, created_by, created_date, updated_by, updated_date)
VALUES(104, '0c9f4199-235d-4c20-8280-c29105737cff', 101, 'M', 'huseyinari', '2026-01-01 13:38:45.541', 'huseyinari', '2026-01-01 13:38:45.541');
INSERT INTO public.product_variant_value
(id, product_id, product_variant_id, variant_value, created_by, created_date, updated_by, updated_date)
VALUES(105, '0c9f4199-235d-4c20-8280-c29105737cff', 101, 'L', 'huseyinari', '2026-01-01 13:38:45.542', 'huseyinari', '2026-01-01 13:38:45.542');
INSERT INTO public.product_variant_value
(id, product_id, product_variant_id, variant_value, created_by, created_date, updated_by, updated_date)
VALUES(106, 'e8aa49c1-bfb0-4cdb-bf9d-3b0376f653b4', 100, 'Lacivert', 'huseyinari', '2026-01-01 13:50:07.422', 'huseyinari', '2026-01-01 13:50:07.422');
INSERT INTO public.product_variant_value
(id, product_id, product_variant_id, variant_value, created_by, created_date, updated_by, updated_date)
VALUES(107, 'e8aa49c1-bfb0-4cdb-bf9d-3b0376f653b4', 100, 'Bordo', 'huseyinari', '2026-01-01 13:50:07.424', 'huseyinari', '2026-01-01 13:50:07.424');
INSERT INTO public.product_variant_value
(id, product_id, product_variant_id, variant_value, created_by, created_date, updated_by, updated_date)
VALUES(108, 'e8aa49c1-bfb0-4cdb-bf9d-3b0376f653b4', 101, 'M', 'huseyinari', '2026-01-01 13:38:45.541', 'huseyinari', '2026-01-01 13:38:45.541');
INSERT INTO public.product_variant_value
(id, product_id, product_variant_id, variant_value, created_by, created_date, updated_by, updated_date)
VALUES(109, 'e8aa49c1-bfb0-4cdb-bf9d-3b0376f653b4', 101, 'L', 'huseyinari', '2026-01-01 13:38:45.542', 'huseyinari', '2026-01-01 13:38:45.542');
INSERT INTO public.product_variant_value
(id, product_id, product_variant_id, variant_value, created_by, created_date, updated_by, updated_date)
VALUES(110, 'eb8ac00d-d1df-4898-b764-0c814f40cdfb', 100, 'Yeşil', 'huseyinari', '2026-01-01 14:00:10.268', 'huseyinari', '2026-01-01 14:00:10.268');
INSERT INTO public.product_variant_value
(id, product_id, product_variant_id, variant_value, created_by, created_date, updated_by, updated_date)
VALUES(111, 'eb8ac00d-d1df-4898-b764-0c814f40cdfb', 100, 'Mavi', 'huseyinari', '2026-01-01 14:00:10.270', 'huseyinari', '2026-01-01 14:00:10.270');
INSERT INTO public.product_variant_value
(id, product_id, product_variant_id, variant_value, created_by, created_date, updated_by, updated_date)
VALUES(112, 'eb8ac00d-d1df-4898-b764-0c814f40cdfb', 100, 'Krem', 'huseyinari', '2026-01-01 14:00:10.271', 'huseyinari', '2026-01-01 14:00:10.271');
INSERT INTO public.product_variant_value
(id, product_id, product_variant_id, variant_value, created_by, created_date, updated_by, updated_date)
VALUES(113, 'eb8ac00d-d1df-4898-b764-0c814f40cdfb', 101, 'XS', 'huseyinari', '2026-01-01 14:00:10.274', 'huseyinari', '2026-01-01 14:00:10.274');
INSERT INTO public.product_variant_value
(id, product_id, product_variant_id, variant_value, created_by, created_date, updated_by, updated_date)
VALUES(114, 'eb8ac00d-d1df-4898-b764-0c814f40cdfb', 101, 'M', 'huseyinari', '2026-01-01 14:00:10.276', 'huseyinari', '2026-01-01 14:00:10.276');
INSERT INTO public.product_variant_value
(id, product_id, product_variant_id, variant_value, created_by, created_date, updated_by, updated_date)
VALUES(115, 'eb8ac00d-d1df-4898-b764-0c814f40cdfb', 101, 'L', 'huseyinari', '2026-01-01 14:00:10.280', 'huseyinari', '2026-01-01 14:00:10.280');
INSERT INTO public.product_variant_value
(id, product_id, product_variant_id, variant_value, created_by, created_date, updated_by, updated_date)
VALUES(116, 'eb8ac00d-d1df-4898-b764-0c814f40cdfb', 101, 'XL', 'huseyinari', '2026-01-01 14:00:10.282', 'huseyinari', '2026-01-01 14:00:10.282');
INSERT INTO public.product_variant_value
(id, product_id, product_variant_id, variant_value, created_by, created_date, updated_by, updated_date)
VALUES(117, 'c6b6f7f1-3581-493f-be4f-e6734b83744e', 100, 'Beyaz', 'huseyinari', '2026-01-01 14:06:51.708', 'huseyinari', '2026-01-01 14:06:51.708');
INSERT INTO public.product_variant_value
(id, product_id, product_variant_id, variant_value, created_by, created_date, updated_by, updated_date)
VALUES(118, 'c6b6f7f1-3581-493f-be4f-e6734b83744e', 100, 'Bordo', 'huseyinari', '2026-01-01 14:06:51.709', 'huseyinari', '2026-01-01 14:06:51.709');
INSERT INTO public.product_variant_value
(id, product_id, product_variant_id, variant_value, created_by, created_date, updated_by, updated_date)
VALUES(119, 'c6b6f7f1-3581-493f-be4f-e6734b83744e', 100, 'Yeşil', 'huseyinari', '2026-01-01 14:06:51.711', 'huseyinari', '2026-01-01 14:06:51.711');
INSERT INTO public.product_variant_value
(id, product_id, product_variant_id, variant_value, created_by, created_date, updated_by, updated_date)
VALUES(120, 'c6b6f7f1-3581-493f-be4f-e6734b83744e', 100, 'Siyah', 'huseyinari', '2026-01-01 14:06:51.713', 'huseyinari', '2026-01-01 14:06:51.713');
INSERT INTO public.product_variant_value
(id, product_id, product_variant_id, variant_value, created_by, created_date, updated_by, updated_date)
VALUES(121, 'c6b6f7f1-3581-493f-be4f-e6734b83744e', 101, 'XS', 'huseyinari', '2026-01-01 14:06:51.714', 'huseyinari', '2026-01-01 14:06:51.714');
INSERT INTO public.product_variant_value
(id, product_id, product_variant_id, variant_value, created_by, created_date, updated_by, updated_date)
VALUES(122, 'c6b6f7f1-3581-493f-be4f-e6734b83744e', 101, 'S', 'huseyinari', '2026-01-01 14:06:51.715', 'huseyinari', '2026-01-01 14:06:51.715');
INSERT INTO public.product_variant_value
(id, product_id, product_variant_id, variant_value, created_by, created_date, updated_by, updated_date)
VALUES(123, 'c6b6f7f1-3581-493f-be4f-e6734b83744e', 101, 'M', 'huseyinari', '2026-01-01 14:06:51.716', 'huseyinari', '2026-01-01 14:06:51.716');
INSERT INTO public.product_variant_value
(id, product_id, product_variant_id, variant_value, created_by, created_date, updated_by, updated_date)
VALUES(124, 'c6b6f7f1-3581-493f-be4f-e6734b83744e', 101, 'L', 'huseyinari', '2026-01-01 14:06:51.718', 'huseyinari', '2026-01-01 14:06:51.718');
INSERT INTO public.product_variant_value
(id, product_id, product_variant_id, variant_value, created_by, created_date, updated_by, updated_date)
VALUES(125, 'c6b6f7f1-3581-493f-be4f-e6734b83744e', 101, 'XL', 'huseyinari', '2026-01-01 14:06:51.719', 'huseyinari', '2026-01-01 14:06:51.719');

/* product variant options */
INSERT INTO public.product_variant_option
(id, product_variant_id, option_value, created_by, created_date, updated_by, updated_date)
VALUES(500, 100, 'Beyaz', 'huseyinari', '2025-12-06 01:21:42.007', 'huseyinari', '2025-12-06 01:21:42.007');
INSERT INTO public.product_variant_option
(id, product_variant_id, option_value, created_by, created_date, updated_by, updated_date)
VALUES(501, 100, 'Siyah', 'huseyinari', '2025-12-06 01:21:42.009', 'huseyinari', '2025-12-06 01:21:42.009');
INSERT INTO public.product_variant_option
(id, product_variant_id, option_value, created_by, created_date, updated_by, updated_date)
VALUES(502, 100, 'Mavi', 'huseyinari', '2025-12-06 01:21:42.010', 'huseyinari', '2025-12-06 01:21:42.010');
INSERT INTO public.product_variant_option
(id, product_variant_id, option_value, created_by, created_date, updated_by, updated_date)
VALUES(503, 100, 'Kırmızı', 'huseyinari', '2025-12-06 01:21:42.012', 'huseyinari', '2025-12-06 01:21:42.012');
INSERT INTO public.product_variant_option
(id, product_variant_id, option_value, created_by, created_date, updated_by, updated_date)
VALUES(504, 100, 'Yeşil', 'huseyinari', '2025-12-06 01:21:42.013', 'huseyinari', '2025-12-06 01:21:42.013');
INSERT INTO public.product_variant_option
(id, product_variant_id, option_value, created_by, created_date, updated_by, updated_date)
VALUES(505, 100, 'Gri', 'huseyinari', '2025-12-06 01:21:42.015', 'huseyinari', '2025-12-06 01:21:42.015');
INSERT INTO public.product_variant_option
(id, product_variant_id, option_value, created_by, created_date, updated_by, updated_date)
VALUES(506, 100, 'Turuncu', 'huseyinari', '2025-12-06 01:21:42.016', 'huseyinari', '2025-12-06 01:21:42.016');
INSERT INTO public.product_variant_option
(id, product_variant_id, option_value, created_by, created_date, updated_by, updated_date)
VALUES(507, 100, 'Pembe', 'huseyinari', '2025-12-06 01:21:42.017', 'huseyinari', '2025-12-06 01:21:42.017');
INSERT INTO public.product_variant_option
(id, product_variant_id, option_value, created_by, created_date, updated_by, updated_date)
VALUES(508, 100, 'Kahverengi', 'huseyinari', '2025-12-06 01:21:42.018', 'huseyinari', '2025-12-06 01:21:42.018');
INSERT INTO public.product_variant_option
(id, product_variant_id, option_value, created_by, created_date, updated_by, updated_date)
VALUES(509, 100, 'Bordo', 'huseyinari', '2025-12-06 01:21:42.020', 'huseyinari', '2025-12-06 01:21:42.020');
INSERT INTO public.product_variant_option
(id, product_variant_id, option_value, created_by, created_date, updated_by, updated_date)
VALUES(510, 100, 'Mor', 'huseyinari', '2025-12-06 01:21:42.021', 'huseyinari', '2025-12-06 01:21:42.021');
INSERT INTO public.product_variant_option
(id, product_variant_id, option_value, created_by, created_date, updated_by, updated_date)
VALUES(511, 100, 'Antrasit', 'huseyinari', '2025-12-06 01:21:42.021', 'huseyinari', '2025-12-06 01:21:42.021');
INSERT INTO public.product_variant_option
(id, product_variant_id, option_value, created_by, created_date, updated_by, updated_date)
VALUES(512, 101, 'XXL', 'huseyinari', '2025-12-06 01:24:31.830', 'huseyinari', '2025-12-06 01:24:31.830');
INSERT INTO public.product_variant_option
(id, product_variant_id, option_value, created_by, created_date, updated_by, updated_date)
VALUES(513, 101, 'XL', 'huseyinari', '2025-12-06 01:24:31.831', 'huseyinari', '2025-12-06 01:24:31.831');
INSERT INTO public.product_variant_option
(id, product_variant_id, option_value, created_by, created_date, updated_by, updated_date)
VALUES(514, 101, 'L', 'huseyinari', '2025-12-06 01:24:31.832', 'huseyinari', '2025-12-06 01:24:31.832');
INSERT INTO public.product_variant_option
(id, product_variant_id, option_value, created_by, created_date, updated_by, updated_date)
VALUES(515, 101, 'M', 'huseyinari', '2025-12-06 01:24:31.834', 'huseyinari', '2025-12-06 01:24:31.834');
INSERT INTO public.product_variant_option
(id, product_variant_id, option_value, created_by, created_date, updated_by, updated_date)
VALUES(516, 101, 'S', 'huseyinari', '2025-12-06 01:24:31.835', 'huseyinari', '2025-12-06 01:24:31.835');
INSERT INTO public.product_variant_option
(id, product_variant_id, option_value, created_by, created_date, updated_by, updated_date)
VALUES(517, 101, 'XS', 'huseyinari', '2025-12-06 01:24:31.836', 'huseyinari', '2025-12-06 01:24:31.836');

/* product variant index */

INSERT INTO public.product_variant_index
(id, product_id, variant_value_index, sku_code, stock, price, discount, discounted_price, query_order, created_by, created_date, updated_by, updated_date)
VALUES(100, '0c9f4199-235d-4c20-8280-c29105737cff', '{"price": 483.99, "armType": "Uzun Kol", "cutType": "Regular", "pattern": "Düz", "collarType": "Kapüşonlu", "fabricContent": "%100 Pamuk"}'::jsonb, 'altınyıldız_classics_erkek_sweatshirt', 0, 483.99, 0.00, 483.99, 1, 'huseyinari', '2026-01-01 13:38:45.597', 'huseyinari', '2026-01-01 13:38:45.597');
INSERT INTO public.product_variant_index
(id, product_id, variant_value_index, sku_code, stock, price, discount, discounted_price, query_order, created_by, created_date, updated_by, updated_date)
VALUES(101, 'e8aa49c1-bfb0-4cdb-bf9d-3b0376f653b4', '{"price": 477.35, "armType": "Uzun Kol", "cutType": "Regular", "pattern": "Düz", "collarType": "Bisiklet Yaka", "fabricContent": "%75 Pamuk, %25 Polyester"}'::jsonb, 'grimelange_travıs_erkek_sweatshirt', 0, 477.35, 0.00, 477.35, 1, 'huseyinari', '2026-01-01 13:50:07.446', 'huseyinari', '2026-01-01 13:50:07.446');
INSERT INTO public.product_variant_index
(id, product_id, variant_value_index, sku_code, stock, price, discount, discounted_price, query_order, created_by, created_date, updated_by, updated_date)
VALUES(102, 'eb8ac00d-d1df-4898-b764-0c814f40cdfb', '{"price": 549.95, "armType": "Uzun Kol", "cutType": "Regular Fit", "pattern": "Düz", "collarType": "Dik Yaka", "fabricContent": "Pamuk"}'::jsonb, 'tudors_unisex_relax_fit_erkek_sweatshirt', 0, 549.95, 0.00, 549.95, 1, 'huseyinari', '2026-01-01 14:00:10.307', 'huseyinari', '2026-01-01 14:00:10.307');
INSERT INTO public.product_variant_index
(id, product_id, variant_value_index, sku_code, stock, price, discount, discounted_price, query_order, created_by, created_date, updated_by, updated_date)
VALUES(103, 'c6b6f7f1-3581-493f-be4f-e6734b83744e', '{"size": "XS", "color": "Beyaz", "price": 500.00, "armType": "Kısa Kol", "cutType": "Oversize", "pattern": "Düz", "collarType": "Bisiklet Yaka", "fabricContent": "%100 Pamuk"}'::jsonb, 'basic-tshirt-beyaz-XS', 10, 500.00, 0.00, 500.00, 1, 'huseyinari', '2026-01-01 14:14:48.247', 'huseyinari', '2026-01-01 14:14:48.247');
INSERT INTO public.product_variant_index
(id, product_id, variant_value_index, sku_code, stock, price, discount, discounted_price, query_order, created_by, created_date, updated_by, updated_date)
VALUES(104, 'c6b6f7f1-3581-493f-be4f-e6734b83744e', '{"size": "L", "color": "Beyaz", "price": 500.00, "armType": "Kısa Kol", "cutType": "Oversize", "pattern": "Düz", "collarType": "Bisiklet Yaka", "fabricContent": "%100 Pamuk"}'::jsonb, 'basic-tshirt-beyaz-L', 10, 500.00, 0.00, 500.00, 2, 'huseyinari', '2026-01-01 14:14:48.257', 'huseyinari', '2026-01-01 14:14:48.257');
INSERT INTO public.product_variant_index
(id, product_id, variant_value_index, sku_code, stock, price, discount, discounted_price, query_order, created_by, created_date, updated_by, updated_date)
VALUES(105, 'c6b6f7f1-3581-493f-be4f-e6734b83744e', '{"size": "M", "color": "Yeşil", "price": 500.00, "armType": "Kısa Kol", "cutType": "Oversize", "pattern": "Düz", "collarType": "Bisiklet Yaka", "fabricContent": "%100 Pamuk"}'::jsonb, 'basic-tshirt-yesil-M', 10, 500.00, 0.00, 500.00, 3, 'huseyinari', '2026-01-01 14:14:48.258', 'huseyinari', '2026-01-01 14:14:48.258');
INSERT INTO public.product_variant_index
(id, product_id, variant_value_index, sku_code, stock, price, discount, discounted_price, query_order, created_by, created_date, updated_by, updated_date)
VALUES(106, 'c6b6f7f1-3581-493f-be4f-e6734b83744e', '{"size": "XL", "color": "Siyah", "price": 500.00, "armType": "Kısa Kol", "cutType": "Oversize", "pattern": "Düz", "collarType": "Bisiklet Yaka", "fabricContent": "%100 Pamuk"}'::jsonb, 'basic-tshirt-siyah-XL', 10, 500.00, 0.00, 500.00, 4, 'huseyinari', '2026-01-01 14:14:48.259', 'huseyinari', '2026-01-01 14:14:48.259');
INSERT INTO public.product_variant_index
(id, product_id, variant_value_index, sku_code, stock, price, discount, discounted_price, query_order, created_by, created_date, updated_by, updated_date)
VALUES(107, '4be65a39-4346-446d-b17c-2fe40f9843b9', '{"ram": "16 GB", "price": 38999, "cpuType": "Apple M2", "screenSize": "13.6 inç", "screenType": "IPS", "internalDisk": "256 GB"}'::jsonb, 'apple_mc7x4tu/a_macbook_air/16gb_ram/256gb_ssd/midnight', 0, 38999.00, 0.00, 38999.00, 1, 'huseyinari', '2026-01-11 13:59:24.082', 'huseyinari', '2026-01-11 13:59:24.162');
INSERT INTO public.product_variant_index
(id, product_id, variant_value_index, sku_code, stock, price, discount, discounted_price, query_order, created_by, created_date, updated_by, updated_date)
VALUES(108, '21b701a5-9ee2-444e-960f-70429c2893ab', '{"os": "iOS", "price": 48250, "cpuType": "Apple A16 Bionic", "screenSize": "15.49 cm / 6.1 inç", "internalDisk": "128 GB"}'::jsonb, 'iphone_15', 0, 50000.00, 1750.00, 48250.00, 1, 'huseyinari', '2026-01-11 14:01:08.660', 'huseyinari', '2026-01-11 14:01:08.666');
INSERT INTO public.product_variant_index
(id, product_id, variant_value_index, sku_code, stock, price, discount, discounted_price, query_order, created_by, created_date, updated_by, updated_date)
VALUES(109, '968cbae5-c0f2-4afc-91b4-32219fc25252', '{"os": "Android", "price": 6750, "cpuType": "Samsung İşlemci", "screenSize": "8.7 inç", "internalDisk": "128 GB"}'::jsonb, 'samsung_galaxy_tab_a9_tablet', 0, 6750.00, 0.00, 6750.00, 1, 'huseyinari', '2026-01-11 14:14:40.504', 'huseyinari', '2026-01-11 14:14:40.514');
INSERT INTO public.product_variant_index
(id, product_id, variant_value_index, sku_code, stock, price, discount, discounted_price, query_order, created_by, created_date, updated_by, updated_date)
VALUES(110, 'ed271842-87f4-479d-abe9-8d33f2fa7468', '{"price": 349, "origin": "CN - (Çin Halk Cumhuriyeti)", "handType": "Sağ El", "buttonCount": "3", "warrantyPeriod": "24"}'::jsonb, 'lenovo_400_wireless_kablosuz_mouse_siyah', 0, 349.00, 0.00, 349.00, 1, 'huseyinari', '2026-01-11 14:24:22.179', 'huseyinari', '2026-01-11 14:24:22.189');

/* product images */
INSERT INTO public.product_image
(id, product_id, product_variant_index_id, storage_object_id, created_by, created_date, updated_by, updated_date)
VALUES(100, '21b701a5-9ee2-444e-960f-70429c2893ab', 108, 100010, 'huseyinari', '2025-07-27 02:04:48.056', 'huseyinari', '2025-07-27 02:04:48.056');
INSERT INTO public.product_image
(id, product_id, product_variant_index_id, storage_object_id, created_by, created_date, updated_by, updated_date)
VALUES(101, 'ed271842-87f4-479d-abe9-8d33f2fa7468', 110, 100011, 'huseyinari', '2025-07-27 02:05:51.823', 'huseyinari', '2025-07-27 02:05:51.823');
INSERT INTO public.product_image
(id, product_id, product_variant_index_id, storage_object_id, created_by, created_date, updated_by, updated_date)
VALUES(102, '968cbae5-c0f2-4afc-91b4-32219fc25252', 109, 100013, 'huseyinari', '2025-07-27 02:06:31.574', 'huseyinari', '2025-07-27 02:06:31.574');
INSERT INTO public.product_image
(id, product_id, product_variant_index_id, storage_object_id, created_by, created_date, updated_by, updated_date)
VALUES(103, '4be65a39-4346-446d-b17c-2fe40f9843b9', 107, 100012, 'huseyinari', '2025-07-27 02:06:12.630', 'huseyinari', '2025-07-27 02:06:12.630');
INSERT INTO public.product_image
(id, product_id, product_variant_index_id, storage_object_id, created_by, created_date, updated_by, updated_date)
VALUES(104, 'eb8ac00d-d1df-4898-b764-0c814f40cdfb', NULL, 100014, 'huseyinari', '2026-01-24 15:21:11.866', 'huseyinari', '2026-01-24 15:21:11.866');
INSERT INTO public.product_image
(id, product_id, product_variant_index_id, storage_object_id, created_by, created_date, updated_by, updated_date)
VALUES(105, 'e8aa49c1-bfb0-4cdb-bf9d-3b0376f653b4', NULL, 100015, 'huseyinari', '2026-01-24 15:21:27.365', 'huseyinari', '2026-01-24 15:21:27.365');
INSERT INTO public.product_image
(id, product_id, product_variant_index_id, storage_object_id, created_by, created_date, updated_by, updated_date)
VALUES(106, '0c9f4199-235d-4c20-8280-c29105737cff', NULL, 100016, 'huseyinari', '2026-01-24 15:21:40.794', 'huseyinari', '2026-01-24 15:21:40.794');
INSERT INTO public.product_image
(id, product_id, product_variant_index_id, storage_object_id, created_by, created_date, updated_by, updated_date)
VALUES(107, 'c6b6f7f1-3581-493f-be4f-e6734b83744e', NULL, 100017, 'huseyinari', '2026-01-24 15:21:56.484', 'huseyinari', '2026-01-24 15:21:56.484');
